STATION,DATE,LATITUDE,LONGITUDE,ELEVATION,NAME,TEMP,TEMP_ATTRIBUTES,DEWP,DEWP_ATTRIBUTES,SLP,SLP_ATTRIBUTES,STP,STP_ATTRIBUTES,VISIB,VISIB_ATTRIBUTES,WDSP,WDSP_ATTRIBUTES,MXSPD,GUST,MAX,MAX_ATTRIBUTES,MIN,MIN_ATTRIBUTES,PRCP,PRCP_ATTRIBUTES,SNDP,FRSHTT
72236653865,2009-01-01,30.34333,-89.82222,8.2,"SLIDELL AIRPORT, LA US",47.6,24,35.4,24,1021.8,24,20.9,24,10.0,24,4.2,24,7.0,999.9,63.0,*,37.0,*,0.01,G,999.9,0
72236653865,2009-01-02,30.34333,-89.82222,8.2,"SLIDELL AIRPORT, LA US",64.5,24,59.6,24,1015.6,19,14.8,24,9.4,24,3.0,24,7.0,999.9,75.9,*,54.0,*,0.0,G,999.9,0
72236653865,2009-01-03,30.34333,-89.82222,8.2,"SLIDELL AIRPORT, LA US",66.5,24,64.6,24,1014.8,13,13.8,24,6.6,24,4.1,24,8.0,999.9,70.0,*,60.1,*,0.01,G,999.9,110010
72236653865,2009-01-04,30.34333,-89.82222,8.2,"SLIDELL AIRPORT, LA US",66.2,24,61.9,24,1017.0,15,15.6,24,9.2,24,4.5,24,11.1,999.9,73.9,*,60.8,*,0.52,G,999.9,10010
72236653865,2009-01-05,30.34333,-89.82222,8.2,"SLIDELL AIRPORT, LA US",66.7,24,64.5,24,1018.4,15,16.9,24,5.6,24,2.6,24,9.9,19.0,73.9,*,62.6,*,0.05,G,999.9,110000
72236653865,2009-01-06,30.34333,-89.82222,8.2,"SLIDELL AIRPORT, LA US",71.3,24,66.8,24,1007.3,15,8.0,24,8.7,24,8.9,24,15.9,26.0,77.0,*,60.1,*,0.11,G,999.9,10000
72236653865,2009-01-07,30.34333,-89.82222,8.2,"SLIDELL AIRPORT, LA US",57.3,24,46.1,24,1010.1,21,8.3,24,9.6,24,4.7,24,8.0,14.0,62.1,*,50.0,*,0.71,G,999.9,10000
72236653865,2009-01-08,30.34333,-89.82222,8.2,"SLIDELL AIRPORT, LA US",59.0,24,45.8,24,1014.4,24,13.5,24,10.0,24,3.6,24,7.0,999.9,73.0,*,48.0,*,0.0,G,999.9,0
72236653865,2009-01-09,30.34333,-89.82222,8.2,"SLIDELL AIRPORT, LA US",55.4,24,48.2,24,1018.6,24,17.7,24,10.0,24,3.5,24,11.1,17.1,71.1,*,43.0,*,0.0,G,999.9,0
72236653865,2009-01-10,30.34333,-89.82222,8.2,"SLIDELL AIRPORT, LA US",69.6,24,63.9,24,1017.4,22,16.6,24,9.9,24,6.8,24,12.0,20.0,79.0,*,63.0,*,0.0,G,999.9,0
72236653865,2009-01-11,30.34333,-89.82222,8.2,"SLIDELL AIRPORT, LA US",51.7,24,43.7,24,1021.3,18,20.1,24,9.0,24,8.8,24,14.0,22.9,72.0,*,43.0,*,0.14,G,999.9,10000
72236653865,2009-01-12,30.34333,-89.82222,8.2,"SLIDELL AIRPORT, LA US",41.4,24,32.0,24,1023.7,24,22.8,24,9.5,24,1.8,24,6.0,999.9,57.9,*,30.0,*,0.0,G,999.9,0
72236653865,2009-01-13,30.34333,-89.82222,8.2,"SLIDELL AIRPORT, LA US",44.3,24,34.4,24,1021.8,24,20.8,24,10.0,24,3.3,24,12.0,15.9,57.9,*,32.0,*,0.0,G,999.9,0
72236653865,2009-01-14,30.34333,-89.82222,8.2,"SLIDELL AIRPORT, LA US",40.8,24,25.9,24,1026.2,24,25.2,24,10.0,24,2.3,24,6.0,999.9,53.1,*,28.0,*,0.0,G,999.9,0
72236653865,2009-01-15,30.34333,-89.82222,8.2,"SLIDELL AIRPORT, LA US",40.0,24,28.6,24,1029.6,24,28.7,24,10.0,24,3.3,24,9.9,999.9,55.0,*,28.9,*,0.0,G,999.9,0
72236653865,2009-01-16,30.34333,-89.82222,8.2,"SLIDELL AIRPORT, LA US",37.6,24,15.0,24,1036.9,24,36.0,24,10.0,24,6.2,24,8.9,17.1,48.0,*,28.0,*,0.0,G,999.9,0
72236653865,2009-01-17,30.34333,-89.82222,8.2,"SLIDELL AIRPORT, LA US",40.0,24,29.3,24,1031.9,24,30.9,24,10.0,24,3.3,24,9.9,15.9,55.9,*,28.0,*,0.0,G,999.9,0
72236653865,2009-01-18,30.34333,-89.82222,8.2,"SLIDELL AIRPORT, LA US",58.0,24,46.7,24,1020.2,20,19.2,24,9.1,24,5.0,24,8.9,18.1,69.1,*,46.9,*,0.02,G,999.9,10000
72236653865,2009-01-19,30.34333,-89.82222,8.2,"SLIDELL AIRPORT, LA US",50.2,24,35.2,24,1011.1,24,10.2,24,10.0,24,3.9,24,12.0,26.0,63.0,*,37.0,*,0.15,G,999.9,0
72236653865,2009-01-20,30.34333,-89.82222,8.2,"SLIDELL AIRPORT, LA US",39.2,24,24.3,24,1016.7,24,15.8,24,9.5,24,5.1,24,15.0,22.0,48.0,*,27.0,*,0.0,G,999.9,0
72236653865,2009-01-21,30.34333,-89.82222,8.2,"SLIDELL AIRPORT, LA US",34.7,24,22.7,24,1025.5,24,24.5,24,10.0,24,2.5,24,8.0,999.9,48.0,*,21.9,*,0.0,G,999.9,0
72236653865,2009-01-22,30.34333,-89.82222,8.2,"SLIDELL AIRPORT, LA US",43.0,24,35.8,24,1023.0,24,22.1,24,9.9,24,3.4,24,9.9,999.9,64.0,*,28.9,*,0.0,G,999.9,0
72236653865,2009-01-23,30.34333,-89.82222,8.2,"SLIDELL AIRPORT, LA US",57.6,24,49.1,24,1021.3,24,20.4,24,9.5,24,5.0,24,11.1,18.1,72.0,*,45.0,*,0.0,G,999.9,0
72236653865,2009-01-24,30.34333,-89.82222,8.2,"SLIDELL AIRPORT, LA US",60.7,24,54.6,24,1020.2,23,19.3,24,9.8,24,3.0,24,9.9,999.9,70.0,*,54.0,*,0.0,G,999.9,0
72236653865,2009-01-25,30.34333,-89.82222,8.2,"SLIDELL AIRPORT, LA US",49.7,24,46.8,24,1021.5,17,20.8,24,5.0,24,3.7,24,13.0,999.9,57.2,*,46.4,*,0.05,G,999.9,10000
72236653865,2009-01-26,30.34333,-89.82222,8.2,"SLIDELL AIRPORT, LA US",56.8,24,51.1,24,1023.4,18,22.4,24,6.2,24,3.1,24,8.0,999.9,71.1,*,50.0,*,0.0,G,999.9,0
72236653865,2009-01-27,30.34333,-89.82222,8.2,"SLIDELL AIRPORT, LA US",65.3,24,59.8,24,1021.2,20,20.9,24,9.7,24,7.2,24,15.0,19.0,75.0,*,60.1,*,0.01,G,999.9,0
72236653865,2009-01-28,30.34333,-89.82222,8.2,"SLIDELL AIRPORT, LA US",60.0,24,56.3,24,1017.7,15,16.4,24,8.3,24,6.6,24,12.0,21.0,66.9,*,48.0,*,0.08,B,999.9,10000
72236653865,2009-01-29,30.34333,-89.82222,8.2,"SLIDELL AIRPORT, LA US",46.4,24,34.3,24,1020.2,22,19.1,24,10.0,24,7.5,24,13.0,15.9,59.0,*,35.6,*,0.0,I,999.9,0
72236653865,2009-01-30,30.34333,-89.82222,8.2,"SLIDELL AIRPORT, LA US",45.5,24,28.7,24,1025.2,24,24.3,24,9.9,24,5.2,24,13.0,21.0,59.0,*,33.1,*,0.0,G,999.9,0
72236653865,2009-01-31,30.34333,-89.82222,8.2,"SLIDELL AIRPORT, LA US",45.5,24,30.8,24,1025.9,24,24.9,24,10.0,24,1.2,24,7.0,999.9,64.0,*,33.1,*,0.0,G,999.9,0
72236653865,2009-02-01,30.34333,-89.82222,8.2,"SLIDELL AIRPORT, LA US",51.1,24,41.3,24,1020.9,24,20.0,24,9.3,24,2.9,24,11.1,17.1,66.9,*,39.9,*,0.0,G,999.9,0
72236653865,2009-02-02,30.34333,-89.82222,8.2,"SLIDELL AIRPORT, LA US",56.8,24,51.7,24,1016.3,17,15.1,24,8.8,24,6.5,24,14.0,25.1,61.0,*,53.1,*,0.25,G,999.9,10000
72236653865,2009-02-03,30.34333,-89.82222,8.2,"SLIDELL AIRPORT, LA US",44.2,24,27.9,24,1023.5,24,22.6,24,10.0,24,3.0,24,7.0,999.9,59.0,*,28.9,*,0.43,G,999.9,0
72236653865,2009-02-04,30.34333,-89.82222,8.2,"SLIDELL AIRPORT, LA US",40.3,24,19.1,24,1030.9,24,30.0,24,10.0,24,5.6,24,9.9,15.0,48.0,*,30.0,*,0.0,G,999.9,0
72236653865,2009-02-05,30.34333,-89.82222,8.2,"SLIDELL AIRPORT, LA US",36.9,24,22.7,24,1035.8,24,34.9,24,10.0,24,2.6,24,8.0,999.9,53.1,*,25.0,*,0.0,G,999.9,0
72236653865,2009-02-06,30.34333,-89.82222,8.2,"SLIDELL AIRPORT, LA US",45.8,24,36.1,24,1032.1,23,31.2,24,9.8,24,4.1,24,12.0,15.9,66.0,*,30.9,*,0.0,G,999.9,0
72236653865,2009-02-07,30.34333,-89.82222,8.2,"SLIDELL AIRPORT, LA US",55.1,24,46.2,24,1029.6,24,28.7,24,10.0,24,4.5,24,15.0,20.0,72.0,*,41.0,*,0.0,G,999.9,0
72236653865,2009-02-08,30.34333,-89.82222,8.2,"SLIDELL AIRPORT, LA US",62.1,24,51.0,24,1028.5,24,27.6,24,10.0,24,5.9,24,13.0,17.1,73.0,*,46.9,*,0.0,G,999.9,0
72236653865,2009-02-09,30.34333,-89.82222,8.2,"SLIDELL AIRPORT, LA US",62.9,24,53.6,24,1023.0,24,22.1,24,10.0,24,6.6,24,13.0,20.0,72.0,*,54.0,*,0.0,G,999.9,0
72236653865,2009-02-10,30.34333,-89.82222,8.2,"SLIDELL AIRPORT, LA US",65.4,24,60.9,24,1018.6,20,18.0,24,8.6,24,8.0,24,17.1,24.1,71.1,*,62.1,*,0.17,G,999.9,10000
72236653865,2009-02-11,30.34333,-89.82222,8.2,"SLIDELL AIRPORT, LA US",67.6,24,57.4,24,1014.7,20,13.9,24,9.6,24,7.9,24,14.0,24.1,72.0,*,63.0,*,0.08,G,999.9,10000
72236653865,2009-02-12,30.34333,-89.82222,8.2,"SLIDELL AIRPORT, LA US",53.7,24,42.3,24,1021.8,24,20.9,24,10.0,24,2.6,24,8.0,999.9,71.1,*,37.9,*,0.08,G,999.9,0
72236653865,2009-02-13,30.34333,-89.82222,8.2,"SLIDELL AIRPORT, LA US",57.2,24,53.9,24,1019.3,18,17.7,24,9.0,24,3.2,24,11.1,999.9,70.0,*,45.0,*,0.0,G,999.9,10000
72236653865,2009-02-14,30.34333,-89.82222,8.2,"SLIDELL AIRPORT, LA US",65.0,24,62.5,24,1014.6,11,13.3,24,5.8,24,3.4,24,9.9,15.0,69.8,*,62.6,*,0.38,G,999.9,110010
72236653865,2009-02-15,30.34333,-89.82222,8.2,"SLIDELL AIRPORT, LA US",61.0,24,56.0,24,1016.8,18,16.0,24,8.6,24,4.7,24,11.1,999.9,68.0,*,55.9,*,0.41,G,999.9,10000
72236653865,2009-02-16,30.34333,-89.82222,8.2,"SLIDELL AIRPORT, LA US",51.7,24,39.2,24,1024.5,24,23.6,24,10.0,24,6.1,24,12.0,999.9,63.0,*,42.1,*,0.17,G,999.9,0
72236653865,2009-02-17,30.34333,-89.82222,8.2,"SLIDELL AIRPORT, LA US",49.2,24,41.3,24,1023.1,24,22.1,24,10.0,24,2.9,24,11.1,999.9,66.9,*,36.0,*,0.0,G,999.9,0
72236653865,2009-02-18,30.34333,-89.82222,8.2,"SLIDELL AIRPORT, LA US",67.7,24,60.8,24,1013.3,23,12.3,24,10.0,24,6.9,24,12.0,18.1,75.0,*,61.0,*,0.0,G,999.9,10000
72236653865,2009-02-19,30.34333,-89.82222,8.2,"SLIDELL AIRPORT, LA US",62.6,24,48.1,24,1017.0,21,14.7,24,8.5,24,6.5,24,12.0,18.1,71.6,*,53.1,*,0.31,G,999.9,10010
72236653865,2009-02-20,30.34333,-89.82222,8.2,"SLIDELL AIRPORT, LA US",44.5,24,25.6,24,1025.5,24,24.6,24,10.0,24,2.7,24,7.0,999.9,59.0,*,30.0,*,0.0,G,999.9,0
72236653865,2009-02-21,30.34333,-89.82222,8.2,"SLIDELL AIRPORT, LA US",46.9,24,38.2,24,1022.5,24,21.7,24,10.0,24,3.7,24,12.0,20.0,63.0,*,32.0,*,0.0,G,999.9,0
72236653865,2009-02-22,30.34333,-89.82222,8.2,"SLIDELL AIRPORT, LA US",51.5,24,35.5,24,1026.9,22,25.6,24,9.9,24,10.2,24,22.0,28.9,60.1,*,41.0,*,0.25,G,999.9,10000
72236653865,2009-02-23,30.34333,-89.82222,8.2,"SLIDELL AIRPORT, LA US",44.4,24,27.3,23,1031.5,24,30.6,24,10.0,22,3.7,24,8.9,999.9,57.0,*,33.1,*,0.0,G,999.9,0
72236653865,2009-02-24,30.34333,-89.82222,8.2,"SLIDELL AIRPORT, LA US",47.2,24,38.1,24,1026.3,24,25.4,24,10.0,24,4.2,24,13.0,18.1,64.9,*,32.0,*,0.0,G,999.9,0
72236653865,2009-02-25,30.34333,-89.82222,8.2,"SLIDELL AIRPORT, LA US",60.8,24,52.8,24,1022.5,24,21.6,24,10.0,24,6.6,24,15.0,20.0,69.1,*,53.1,*,0.0,G,999.9,0
72236653865,2009-02-26,30.34333,-89.82222,8.2,"SLIDELL AIRPORT, LA US",65.3,24,58.8,24,1020.5,21,19.5,24,9.4,24,8.1,24,21.0,29.9,73.9,*,54.0,*,0.0,G,999.9,0
72236653865,2009-02-27,30.34333,-89.82222,8.2,"SLIDELL AIRPORT, LA US",70.7,24,63.8,24,1015.2,22,14.3,24,9.0,24,9.9,24,15.0,21.0,79.0,*,64.9,*,0.0,G,999.9,10000
72236653865,2009-02-28,30.34333,-89.82222,8.2,"SLIDELL AIRPORT, LA US",67.8,24,61.3,24,1012.8,21,12.2,24,9.8,24,7.5,24,14.0,22.0,75.0,*,51.1,*,0.0,G,999.9,10000
72236653865,2009-03-01,30.34333,-89.82222,8.2,"SLIDELL AIRPORT, LA US",44.4,24,28.2,24,1022.3,23,21.0,24,10.0,24,11.3,24,15.9,29.9,55.0,*,35.1,*,0.0,G,999.9,0
72236653865,2009-03-02,30.34333,-89.82222,8.2,"SLIDELL AIRPORT, LA US",44.3,24,21.3,24,1025.5,24,24.6,24,10.0,24,7.2,24,14.0,18.1,57.9,*,30.0,*,0.0,G,999.9,0
72236653865,2009-03-03,30.34333,-89.82222,8.2,"SLIDELL AIRPORT, LA US",43.3,24,26.0,24,1027.1,24,26.2,24,10.0,24,3.8,24,8.0,999.9,57.0,*,30.9,*,0.0,G,999.9,0
72236653865,2009-03-04,30.34333,-89.82222,8.2,"SLIDELL AIRPORT, LA US",47.4,24,37.7,24,1026.9,24,25.9,24,10.0,24,3.8,24,9.9,15.9,64.9,*,32.0,*,0.0,G,999.9,0
72236653865,2009-03-05,30.34333,-89.82222,8.2,"SLIDELL AIRPORT, LA US",60.6,24,50.3,24,1026.1,24,25.2,24,10.0,24,7.0,24,14.0,17.1,70.0,*,50.0,*,0.0,G,999.9,0
72236653865,2009-03-06,30.34333,-89.82222,8.2,"SLIDELL AIRPORT, LA US",64.5,24,56.2,24,1025.4,24,24.5,24,10.0,24,7.2,24,12.0,15.9,75.9,*,53.1,*,0.0,G,999.9,0
72236653865,2009-03-07,30.34333,-89.82222,8.2,"SLIDELL AIRPORT, LA US",67.5,24,60.2,24,1023.1,24,22.2,24,9.8,24,9.5,24,15.9,22.0,77.0,*,59.0,*,0.0,G,999.9,0
72236653865,2009-03-08,30.34333,-89.82222,8.2,"SLIDELL AIRPORT, LA US",71.1,24,62.9,24,1020.0,22,19.1,24,9.8,24,7.9,24,12.0,18.1,80.1,*,66.0,*,0.0,G,999.9,0
72236653865,2009-03-09,30.34333,-89.82222,8.2,"SLIDELL AIRPORT, LA US",69.8,24,61.9,24,1020.6,20,19.7,24,7.2,24,3.7,24,13.0,999.9,80.1,*,59.0,*,0.0,G,999.9,100000
72236653865,2009-03-10,30.34333,-89.82222,8.2,"SLIDELL AIRPORT, LA US",71.1,24,64.0,24,1019.6,19,18.6,24,8.9,23,7.3,24,14.0,18.1,79.0,*,64.4,*,0.01,G,999.9,0
72236653865,2009-03-11,30.34333,-89.82222,8.2,"SLIDELL AIRPORT, LA US",69.9,24,61.5,24,1020.4,19,19.5,24,7.8,24,4.0,24,8.0,999.9,79.0,*,57.2,*,0.0,G,999.9,100000
72236653865,2009-03-12,30.34333,-89.82222,8.2,"SLIDELL AIRPORT, LA US",65.2,24,55.8,24,1021.6,20,20.6,24,10.0,24,3.7,24,11.1,999.9,73.0,*,57.0,*,0.0,G,999.9,0
72236653865,2009-03-13,30.34333,-89.82222,8.2,"SLIDELL AIRPORT, LA US",67.2,24,60.7,24,1018.4,16,17.8,24,7.9,24,5.8,24,15.0,22.9,75.9,*,60.1,*,0.04,G,999.9,10000
72236653865,2009-03-14,30.34333,-89.82222,8.2,"SLIDELL AIRPORT, LA US",69.6,24,65.8,24,1014.4,16,13.5,24,8.6,24,5.6,24,13.0,21.0,73.9,*,66.2,*,1.09,C,999.9,10000
72236653865,2009-03-15,30.34333,-89.82222,8.2,"SLIDELL AIRPORT, LA US",64.2,24,61.5,24,1017.1,7,15.3,24,7.9,24,2.4,24,7.0,999.9,73.9,*,60.1,*,0.8,D,999.9,10000
72236653865,2009-03-16,30.34333,-89.82222,8.2,"SLIDELL AIRPORT, LA US",65.0,24,63.4,24,1020.1,17,19.2,24,8.5,24,1.4,24,6.0,999.9,66.2,*,64.0,*,0.13,D,999.9,10000
72236653865,2009-03-17,30.34333,-89.82222,8.2,"SLIDELL AIRPORT, LA US",66.0,24,57.1,24,1022.2,19,21.3,24,9.5,24,4.6,24,9.9,15.9,78.1,*,57.9,*,0.01,A,999.9,10000
72236653865,2009-03-18,30.34333,-89.82222,8.2,"SLIDELL AIRPORT, LA US",62.7,24,51.8,24,1020.6,22,19.7,24,8.7,24,2.7,24,9.9,15.0,75.9,*,48.2,*,0.01,G,999.9,100000
72236653865,2009-03-19,30.34333,-89.82222,8.2,"SLIDELL AIRPORT, LA US",63.6,24,54.8,24,1019.6,21,18.7,24,6.4,24,2.5,24,8.0,999.9,77.0,*,53.1,*,0.01,A,999.9,100000
72236653865,2009-03-20,30.34333,-89.82222,8.2,"SLIDELL AIRPORT, LA US",64.3,24,50.8,24,1020.8,24,19.9,24,10.0,24,4.2,24,8.9,14.0,75.9,*,53.1,*,0.0,I,999.9,0
72236653865,2009-03-21,30.34333,-89.82222,8.2,"SLIDELL AIRPORT, LA US",60.0,24,47.8,24,1023.7,24,22.8,24,10.0,24,4.4,24,12.0,17.1,75.0,*,44.1,*,0.0,G,999.9,0
72236653865,2009-03-22,30.34333,-89.82222,8.2,"SLIDELL AIRPORT, LA US",61.8,24,53.3,24,1024.9,24,23.9,24,9.5,24,4.6,24,12.0,19.0,73.9,*,48.9,*,0.0,G,999.9,0
72236653865,2009-03-23,30.34333,-89.82222,8.2,"SLIDELL AIRPORT, LA US",61.5,24,52.6,24,1021.1,24,20.3,24,10.0,24,5.2,24,15.0,22.0,73.9,*,46.9,*,0.0,G,999.9,0
72236653865,2009-03-24,30.34333,-89.82222,8.2,"SLIDELL AIRPORT, LA US",69.5,24,62.4,24,1017.3,20,16.3,24,10.0,24,9.6,24,19.0,27.0,75.9,*,61.0,*,0.0,G,999.9,10000
72236653865,2009-03-25,30.34333,-89.82222,8.2,"SLIDELL AIRPORT, LA US",73.4,24,67.0,24,1014.1,19,13.6,24,10.0,24,12.9,24,20.0,26.0,80.1,*,69.8,*,0.0,G,999.9,0
72236653865,2009-03-26,30.34333,-89.82222,8.2,"SLIDELL AIRPORT, LA US",69.9,24,66.3,24,1009.4,6,9.3,24,8.5,24,8.2,24,15.0,25.1,75.2,*,62.6,*,1.3,G,999.9,10010
72236653865,2009-03-27,30.34333,-89.82222,8.2,"SLIDELL AIRPORT, LA US",68.9,24,65.5,24,1004.4,13,3.3,24,8.2,17,6.5,24,24.1,39.0,73.9,*,62.6,*,2.37,G,999.9,10010
72236653865,2009-03-28,30.34333,-89.82222,8.2,"SLIDELL AIRPORT, LA US",66.2,24,57.9,24,1003.0,18,1.6,24,9.0,24,8.0,24,17.1,28.9,73.4,*,60.1,*,1.05,G,999.9,10010
72236653865,2009-03-29,30.34333,-89.82222,8.2,"SLIDELL AIRPORT, LA US",56.6,24,39.1,24,1012.2,24,11.3,24,10.0,24,6.3,24,9.9,17.1,69.1,*,46.9,*,0.07,G,999.9,0
72236653865,2009-03-30,30.34333,-89.82222,8.2,"SLIDELL AIRPORT, LA US",57.0,24,48.6,24,1015.2,24,14.4,24,10.0,24,4.3,24,13.0,19.0,70.0,*,45.0,*,0.0,G,999.9,0
72236653865,2009-03-31,30.34333,-89.82222,8.2,"SLIDELL AIRPORT, LA US",69.7,24,64.2,24,1010.4,20,9.3,24,9.0,24,5.0,24,9.9,999.9,79.0,*,64.0,*,0.0,G,999.9,10000
72236653865,2009-04-01,30.34333,-89.82222,8.2,"SLIDELL AIRPORT, LA US",66.3,24,52.3,24,1010.0,24,9.2,24,10.0,24,5.3,24,9.9,17.1,73.4,*,59.0,*,0.09,G,999.9,0
72236653865,2009-04-02,30.34333,-89.82222,8.2,"SLIDELL AIRPORT, LA US",69.8,24,63.4,24,1001.8,17,1.3,24,8.6,24,6.8,24,29.9,41.0,79.0,*,64.4,*,0.02,G,999.9,10010
72236653865,2009-04-03,30.34333,-89.82222,8.2,"SLIDELL AIRPORT, LA US",63.2,24,49.3,24,1007.6,24,6.7,24,10.0,24,3.9,24,8.0,999.9,73.9,*,50.0,*,0.51,G,999.9,0
72236653865,2009-04-04,30.34333,-89.82222,8.2,"SLIDELL AIRPORT, LA US",61.6,24,55.2,24,1012.7,22,12.0,24,9.5,24,4.2,24,14.0,20.0,73.9,*,50.0,*,0.0,G,999.9,0
72236653865,2009-04-05,30.34333,-89.82222,8.2,"SLIDELL AIRPORT, LA US",73.7,24,66.7,24,1009.6,19,8.9,24,7.9,24,5.9,24,14.0,20.0,82.9,*,66.2,*,0.01,G,999.9,10000
72236653865,2009-04-06,30.34333,-89.82222,8.2,"SLIDELL AIRPORT, LA US",59.7,24,38.1,24,1015.4,24,14.5,24,10.0,24,9.8,24,15.0,25.1,73.9,*,46.9,*,0.0,G,999.9,0
72236653865,2009-04-07,30.34333,-89.82222,8.2,"SLIDELL AIRPORT, LA US",50.7,24,28.0,24,1021.7,24,20.8,24,10.0,24,5.1,24,11.1,22.9,62.1,*,39.0,*,0.0,G,999.9,0
72236653865,2009-04-08,30.34333,-89.82222,8.2,"SLIDELL AIRPORT, LA US",53.3,24,40.8,24,1018.6,24,17.7,24,10.0,24,4.1,24,12.0,20.0,72.0,*,36.0,*,0.0,G,999.9,0
72236653865,2009-04-09,30.34333,-89.82222,8.2,"SLIDELL AIRPORT, LA US",65.1,24,55.7,24,1013.9,20,13.1,24,10.0,24,8.0,24,20.0,27.0,75.0,*,51.8,*,0.0,G,999.9,0
72236653865,2009-04-10,30.34333,-89.82222,8.2,"SLIDELL AIRPORT, LA US",73.7,24,66.1,24,1012.5,21,11.4,24,9.9,24,10.3,24,13.0,20.0,82.0,*,69.1,*,0.0,G,999.9,10000
72236653865,2009-04-11,30.34333,-89.82222,8.2,"SLIDELL AIRPORT, LA US",69.6,24,54.7,24,1017.1,24,16.2,24,9.8,24,5.3,24,12.0,17.1,78.1,*,59.0,*,0.0,G,999.9,0
72236653865,2009-04-12,30.34333,-89.82222,8.2,"SLIDELL AIRPORT, LA US",65.0,24,59.1,24,1014.5,20,13.4,24,9.5,24,8.0,24,18.1,29.9,73.0,*,57.2,*,0.0,G,999.9,10000
72236653865,2009-04-13,30.34333,-89.82222,8.2,"SLIDELL AIRPORT, LA US",74.3,24,68.4,24,1008.4,15,7.8,24,8.9,24,8.1,24,19.0,28.9,81.0,*,66.9,*,0.62,G,999.9,110010
72236653865,2009-04-14,30.34333,-89.82222,8.2,"SLIDELL AIRPORT, LA US",64.9,24,50.7,24,1012.1,24,11.2,24,10.0,24,6.6,24,13.0,18.1,73.9,*,54.0,*,0.0,I,999.9,0
72236653865,2009-04-15,30.34333,-89.82222,8.2,"SLIDELL AIRPORT, LA US",59.5,24,47.4,24,1017.7,24,16.8,24,10.0,24,3.4,24,12.0,999.9,75.0,*,44.1,*,0.0,G,999.9,0
72236653865,2009-04-16,30.34333,-89.82222,8.2,"SLIDELL AIRPORT, LA US",61.1,24,50.9,24,1019.2,24,18.3,24,10.0,24,3.3,24,15.9,999.9,75.0,*,50.0,*,0.0,G,999.9,0
72236653865,2009-04-17,30.34333,-89.82222,8.2,"SLIDELL AIRPORT, LA US",65.4,24,59.1,24,1019.5,20,18.8,24,9.7,24,6.7,24,15.9,22.9,72.0,*,57.9,*,0.0,G,999.9,0
72236653865,2009-04-18,30.34333,-89.82222,8.2,"SLIDELL AIRPORT, LA US",69.4,24,63.6,24,1019.2,21,18.3,24,9.7,24,7.9,24,14.0,22.0,73.9,*,64.9,*,0.03,G,999.9,10000
72236653865,2009-04-19,30.34333,-89.82222,8.2,"SLIDELL AIRPORT, LA US",72.7,24,66.2,24,1013.1,12,13.3,24,9.6,24,7.4,24,15.9,26.0,80.1,*,68.0,*,0.17,G,999.9,10000
72236653865,2009-04-20,30.34333,-89.82222,8.2,"SLIDELL AIRPORT, LA US",67.3,24,52.2,24,1014.4,24,13.5,24,10.0,24,5.1,24,11.1,17.1,75.0,*,54.0,*,0.11,G,999.9,0
72236653865,2009-04-21,30.34333,-89.82222,8.2,"SLIDELL AIRPORT, LA US",64.2,24,49.5,24,1016.3,24,15.4,24,10.0,24,3.7,24,11.1,18.1,81.0,*,48.0,*,0.0,G,999.9,0
72236653865,2009-04-22,30.34333,-89.82222,8.2,"SLIDELL AIRPORT, LA US",69.7,24,56.2,24,1017.8,24,16.9,24,10.0,24,3.9,24,11.1,15.9,84.0,*,55.0,*,0.0,G,999.9,0
72236653865,2009-04-23,30.34333,-89.82222,8.2,"SLIDELL AIRPORT, LA US",72.3,24,59.2,24,1020.0,20,18.9,24,8.1,24,5.0,24,12.0,15.9,84.0,*,57.0,*,0.0,G,999.9,100000
72236653865,2009-04-24,30.34333,-89.82222,8.2,"SLIDELL AIRPORT, LA US",72.8,24,65.0,24,1021.9,21,21.0,24,10.0,24,6.7,24,14.0,22.0,81.0,*,64.9,*,0.01,G,999.9,0
72236653865,2009-04-25,30.34333,-89.82222,8.2,"SLIDELL AIRPORT, LA US",73.9,24,65.4,24,1023.3,22,22.5,24,9.4,24,6.3,24,13.0,21.0,82.9,*,59.0,*,0.0,I,999.9,100000
72236653865,2009-04-26,30.34333,-89.82222,8.2,"SLIDELL AIRPORT, LA US",70.8,24,63.3,24,1022.5,21,21.5,24,9.1,24,6.1,24,14.0,22.9,80.1,*,57.2,*,0.0,G,999.9,100000
72236653865,2009-04-27,30.34333,-89.82222,8.2,"SLIDELL AIRPORT, LA US",74.8,24,67.0,24,1022.4,18,21.4,24,10.0,24,9.3,24,15.0,19.0,78.1,*,71.6,*,0.01,G,999.9,0
72236653865,2009-04-28,30.34333,-89.82222,8.2,"SLIDELL AIRPORT, LA US",70.9,24,64.1,24,1023.8,20,23.0,24,9.9,24,4.2,24,9.9,999.9,75.9,*,61.0,*,0.0,G,999.9,10000
72236653865,2009-04-29,30.34333,-89.82222,8.2,"SLIDELL AIRPORT, LA US",70.3,24,62.4,24,1022.9,20,22.0,24,10.0,24,4.7,24,14.0,19.0,81.0,*,60.1,*,0.0,G,999.9,0
72236653865,2009-04-30,30.34333,-89.82222,8.2,"SLIDELL AIRPORT, LA US",70.3,24,64.1,24,1020.1,21,19.3,24,10.0,24,5.8,24,15.9,20.0,79.0,*,59.0,*,0.0,G,999.9,10000
72236653865,2009-05-01,30.34333,-89.82222,8.2,"SLIDELL AIRPORT, LA US",76.5,24,67.9,24,1019.7,22,18.8,24,10.0,24,6.2,24,11.1,17.1,84.0,*,66.9,*,0.01,G,999.9,0
72236653865,2009-05-02,30.34333,-89.82222,8.2,"SLIDELL AIRPORT, LA US",77.5,24,68.8,24,1016.7,24,15.8,24,10.0,24,7.3,24,14.0,19.0,84.9,*,71.1,*,0.0,G,999.9,0
72236653865,2009-05-03,30.34333,-89.82222,8.2,"SLIDELL AIRPORT, LA US",75.8,24,68.6,24,1013.3,17,12.4,24,10.0,24,8.4,24,15.9,24.1,82.9,*,68.0,*,0.0,G,999.9,10010
72236653865,2009-05-04,30.34333,-89.82222,8.2,"SLIDELL AIRPORT, LA US",76.3,24,70.6,24,1012.2,16,11.3,24,10.0,24,6.8,24,11.1,17.1,81.0,*,70.0,*,0.02,G,999.9,10000
72236653865,2009-05-05,30.34333,-89.82222,8.2,"SLIDELL AIRPORT, LA US",76.3,24,69.8,24,1014.0,16,13.5,24,10.0,24,2.6,24,7.0,999.9,86.0,*,68.0,*,0.08,G,999.9,0
72236653865,2009-05-06,30.34333,-89.82222,8.2,"SLIDELL AIRPORT, LA US",79.7,24,70.7,24,1013.6,22,12.6,24,10.0,24,8.1,24,15.0,21.0,84.0,*,75.9,*,0.0,G,999.9,0
72236653865,2009-05-07,30.34333,-89.82222,8.2,"SLIDELL AIRPORT, LA US",80.1,24,71.5,24,1013.9,22,13.1,24,10.0,24,6.7,24,11.1,18.1,87.1,*,72.0,*,0.0,G,999.9,0
72236653865,2009-05-08,30.34333,-89.82222,8.2,"SLIDELL AIRPORT, LA US",79.5,24,69.4,24,1013.2,23,12.4,24,10.0,24,7.5,24,13.0,22.9,87.1,*,72.0,*,0.0,G,999.9,0
72236653865,2009-05-09,30.34333,-89.82222,8.2,"SLIDELL AIRPORT, LA US",80.4,24,69.3,24,1015.1,21,14.2,24,10.0,24,6.6,24,9.9,999.9,87.1,*,73.9,*,0.0,G,999.9,0
72236653865,2009-05-10,30.34333,-89.82222,8.2,"SLIDELL AIRPORT, LA US",81.1,24,70.1,24,1017.4,23,16.5,24,10.0,24,4.4,24,8.0,999.9,89.1,*,73.0,*,0.0,G,999.9,0
72236653865,2009-05-11,30.34333,-89.82222,8.2,"SLIDELL AIRPORT, LA US",79.4,24,66.8,24,1017.2,23,16.3,24,10.0,24,3.7,24,8.9,999.9,89.1,*,68.0,*,0.0,G,999.9,0
72236653865,2009-05-12,30.34333,-89.82222,8.2,"SLIDELL AIRPORT, LA US",77.8,24,68.3,24,1016.5,23,15.6,24,10.0,24,2.3,24,8.0,999.9,88.0,*,68.0,*,0.0,G,999.9,10010
72236653865,2009-05-13,30.34333,-89.82222,8.2,"SLIDELL AIRPORT, LA US",81.0,24,69.5,24,1016.4,23,15.5,24,10.0,24,7.4,24,14.0,18.1,88.0,*,72.0,*,0.0,G,999.9,0
72236653865,2009-05-14,30.34333,-89.82222,8.2,"SLIDELL AIRPORT, LA US",78.5,24,70.9,24,1017.7,21,16.8,24,10.0,24,5.6,24,20.0,41.0,87.1,*,71.1,*,0.0,G,999.9,10010
72236653865,2009-05-15,30.34333,-89.82222,8.2,"SLIDELL AIRPORT, LA US",76.5,24,69.0,24,1018.1,23,17.2,24,10.0,24,3.2,24,8.9,15.0,86.0,*,66.9,*,0.59,G,999.9,0
72236653865,2009-05-16,30.34333,-89.82222,8.2,"SLIDELL AIRPORT, LA US",77.3,24,68.2,24,1016.2,23,15.3,24,10.0,24,3.1,24,12.0,17.1,87.1,*,68.0,*,0.01,G,999.9,10000
72236653865,2009-05-17,30.34333,-89.82222,8.2,"SLIDELL AIRPORT, LA US",71.1,24,67.3,24,1016.4,16,15.7,24,10.0,24,6.7,24,15.9,22.0,79.0,*,64.4,*,0.1,G,999.9,10010
72236653865,2009-05-18,30.34333,-89.82222,8.2,"SLIDELL AIRPORT, LA US",63.9,24,55.0,24,1018.5,23,17.5,24,10.0,24,10.2,24,15.0,25.1,75.9,*,54.0,*,0.29,G,999.9,0
72236653865,2009-05-19,30.34333,-89.82222,8.2,"SLIDELL AIRPORT, LA US",66.0,24,50.4,24,1021.0,24,20.1,24,10.0,24,6.5,24,14.0,19.0,78.1,*,54.0,*,0.0,G,999.9,0
72236653865,2009-05-20,30.34333,-89.82222,8.2,"SLIDELL AIRPORT, LA US",67.7,24,53.3,24,1018.4,24,17.5,24,10.0,24,5.4,24,11.1,17.1,84.0,*,55.0,*,0.0,G,999.9,0
72236653865,2009-05-21,30.34333,-89.82222,8.2,"SLIDELL AIRPORT, LA US",73.9,24,62.6,24,1014.9,23,13.9,24,10.0,24,6.8,24,12.0,18.1,79.0,*,68.0,*,0.0,G,999.9,0
72236653865,2009-05-22,30.34333,-89.82222,8.2,"SLIDELL AIRPORT, LA US",73.8,24,66.9,24,1012.4,16,11.6,24,10.0,24,6.2,24,8.9,15.0,82.9,*,69.1,*,0.0,G,999.9,10000
72236653865,2009-05-23,30.34333,-89.82222,8.2,"SLIDELL AIRPORT, LA US",74.2,24,68.0,24,1009.4,20,8.5,24,10.0,24,7.4,24,12.0,20.0,81.0,*,69.8,*,0.03,G,999.9,10000
72236653865,2009-05-24,30.34333,-89.82222,8.2,"SLIDELL AIRPORT, LA US",74.1,24,67.1,24,1009.9,18,9.0,24,10.0,24,3.7,24,12.0,17.1,82.9,*,64.9,*,0.0,G,999.9,10010
72236653865,2009-05-25,30.34333,-89.82222,8.2,"SLIDELL AIRPORT, LA US",73.9,24,70.0,24,1009.4,16,8.9,24,10.0,24,3.5,24,8.0,999.9,75.9,*,69.8,*,0.0,G,999.9,10010
72236653865,2009-05-26,30.34333,-89.82222,8.2,"SLIDELL AIRPORT, LA US",75.3,24,69.0,24,1009.5,22,8.5,24,10.0,24,3.5,24,8.0,17.1,84.0,*,66.9,*,1.24,G,999.9,10000
72236653865,2009-05-27,30.34333,-89.82222,8.2,"SLIDELL AIRPORT, LA US",78.1,24,70.1,24,1010.4,23,9.5,24,10.0,24,3.2,24,9.9,999.9,87.1,*,69.8,*,0.01,G,999.9,0
72236653865,2009-05-28,30.34333,-89.82222,8.2,"SLIDELL AIRPORT, LA US",80.1,24,70.2,24,1010.3,23,9.4,24,10.0,24,3.0,24,8.9,999.9,88.0,*,70.0,*,0.0,G,999.9,0
72236653865,2009-05-29,30.34333,-89.82222,8.2,"SLIDELL AIRPORT, LA US",75.6,24,62.4,24,1013.3,24,12.4,24,10.0,24,3.4,24,9.9,999.9,84.0,*,64.9,*,0.0,G,999.9,0
72236653865,2009-05-30,30.34333,-89.82222,8.2,"SLIDELL AIRPORT, LA US",73.7,24,61.4,24,1015.0,24,14.1,24,10.0,24,3.1,24,6.0,999.9,84.9,*,62.1,*,0.0,G,999.9,0
72236653865,2009-05-31,30.34333,-89.82222,8.2,"SLIDELL AIRPORT, LA US",75.4,24,62.2,24,1015.3,24,14.4,24,10.0,24,2.6,24,8.9,999.9,89.1,*,61.0,*,0.0,G,999.9,0
72236653865,2009-06-01,30.34333,-89.82222,8.2,"SLIDELL AIRPORT, LA US",77.0,24,64.0,24,1015.7,24,14.8,24,10.0,24,3.1,24,12.0,999.9,88.0,*,64.0,*,0.0,G,999.9,0
72236653865,2009-06-02,30.34333,-89.82222,8.2,"SLIDELL AIRPORT, LA US",74.2,24,66.5,24,1016.1,21,15.2,24,10.0,24,3.4,24,9.9,18.1,86.0,*,64.0,*,0.0,G,999.9,10010
72236653865,2009-06-03,30.34333,-89.82222,8.2,"SLIDELL AIRPORT, LA US",74.4,24,69.1,24,1014.6,19,13.6,24,10.0,24,1.7,24,8.9,999.9,81.0,*,68.0,*,0.14,G,999.9,10000
72236653865,2009-06-04,30.34333,-89.82222,8.2,"SLIDELL AIRPORT, LA US",74.7,24,67.4,24,1010.8,22,9.9,24,10.0,24,3.2,24,8.9,15.9,82.9,*,68.0,*,0.06,G,999.9,10010
72236653865,2009-06-05,30.34333,-89.82222,8.2,"SLIDELL AIRPORT, LA US",72.1,24,65.4,24,1011.3,18,10.4,24,10.0,24,5.2,24,8.9,999.9,78.1,*,68.0,*,0.47,G,999.9,0
72236653865,2009-06-06,30.34333,-89.82222,8.2,"SLIDELL AIRPORT, LA US",71.7,24,60.4,24,1013.8,24,12.9,24,10.0,24,2.1,24,7.0,999.9,84.0,*,57.9,*,0.0,G,999.9,0
72236653865,2009-06-07,30.34333,-89.82222,8.2,"SLIDELL AIRPORT, LA US",74.3,24,63.5,24,1014.5,24,13.6,24,10.0,24,2.9,24,9.9,14.0,86.0,*,61.0,*,0.0,G,999.9,0
72236653865,2009-06-08,30.34333,-89.82222,8.2,"SLIDELL AIRPORT, LA US",76.6,24,66.5,24,1014.5,23,13.6,24,10.0,24,2.6,24,9.9,999.9,89.1,*,62.1,*,0.0,G,999.9,0
72236653865,2009-06-09,30.34333,-89.82222,8.2,"SLIDELL AIRPORT, LA US",81.7,24,70.6,24,1015.0,22,14.2,24,10.0,24,3.0,24,9.9,14.0,90.0,*,69.8,*,0.0,G,999.9,0
72236653865,2009-06-10,30.34333,-89.82222,8.2,"SLIDELL AIRPORT, LA US",83.0,24,71.4,24,1014.5,24,13.6,24,10.0,24,3.6,24,8.0,999.9,91.0,*,71.6,*,0.0,G,999.9,0
72236653865,2009-06-11,30.34333,-89.82222,8.2,"SLIDELL AIRPORT, LA US",83.8,24,71.6,24,1013.0,24,12.1,24,10.0,24,5.1,24,9.9,14.0,91.0,*,73.0,*,0.0,G,999.9,0
72236653865,2009-06-12,30.34333,-89.82222,8.2,"SLIDELL AIRPORT, LA US",83.5,24,70.7,24,1013.2,24,12.4,24,10.0,24,4.2,24,8.0,17.1,91.0,*,73.0,*,0.0,G,999.9,0
72236653865,2009-06-13,30.34333,-89.82222,8.2,"SLIDELL AIRPORT, LA US",83.1,24,71.3,24,1014.9,24,14.0,24,10.0,24,3.5,24,9.9,15.0,91.0,*,71.1,*,0.0,G,999.9,0
72236653865,2009-06-14,30.34333,-89.82222,8.2,"SLIDELL AIRPORT, LA US",84.9,24,71.2,24,1015.8,24,14.8,24,10.0,24,3.8,24,7.0,14.0,91.9,*,78.1,*,0.0,G,999.9,0
72236653865,2009-06-15,30.34333,-89.82222,8.2,"SLIDELL AIRPORT, LA US",84.5,24,71.3,24,1015.5,24,14.6,24,10.0,24,4.0,24,8.9,15.9,91.9,*,73.9,*,0.0,G,999.9,0
72236653865,2009-06-16,30.34333,-89.82222,8.2,"SLIDELL AIRPORT, LA US",84.7,24,71.7,24,1014.8,24,13.9,24,10.0,24,3.1,24,8.0,14.0,93.0,*,73.9,*,0.0,G,999.9,0
72236653865,2009-06-17,30.34333,-89.82222,8.2,"SLIDELL AIRPORT, LA US",85.4,24,72.4,24,1016.0,24,15.0,24,10.0,24,3.9,24,8.9,14.0,93.9,*,73.0,*,0.0,G,999.9,0
72236653865,2009-06-18,30.34333,-89.82222,8.2,"SLIDELL AIRPORT, LA US",86.7,24,71.1,24,1014.7,24,13.9,24,10.0,24,4.0,24,9.9,14.0,96.1,*,75.9,*,0.0,G,999.9,10000
72236653865,2009-06-19,30.34333,-89.82222,8.2,"SLIDELL AIRPORT, LA US",86.5,24,72.7,24,1013.8,24,12.9,24,10.0,24,3.3,24,8.0,999.9,96.1,*,73.9,*,0.0,G,999.9,0
72236653865,2009-06-20,30.34333,-89.82222,8.2,"SLIDELL AIRPORT, LA US",87.2,24,73.4,24,1013.5,24,12.6,24,10.0,24,2.9,24,8.0,14.0,96.1,*,78.1,*,0.0,G,999.9,0
72236653865,2009-06-21,30.34333,-89.82222,8.2,"SLIDELL AIRPORT, LA US",87.3,24,72.7,24,1012.8,24,11.9,24,10.0,24,2.9,24,8.9,999.9,97.0,*,77.0,*,0.0,G,999.9,0
72236653865,2009-06-22,30.34333,-89.82222,8.2,"SLIDELL AIRPORT, LA US",88.0,24,72.5,24,1011.3,24,10.4,24,10.0,24,4.1,24,11.1,14.0,98.1,*,78.1,*,0.0,G,999.9,0
72236653865,2009-06-23,30.34333,-89.82222,8.2,"SLIDELL AIRPORT, LA US",89.0,24,73.0,24,1009.8,24,8.8,24,10.0,24,4.3,24,11.1,15.0,98.1,*,78.1,*,0.0,G,999.9,0
72236653865,2009-06-24,30.34333,-89.82222,8.2,"SLIDELL AIRPORT, LA US",89.0,24,73.6,24,1008.9,23,8.0,24,10.0,24,2.9,24,7.0,15.0,100.0,*,80.6,*,0.0,G,999.9,10000
72236653865,2009-06-25,30.34333,-89.82222,8.2,"SLIDELL AIRPORT, LA US",83.1,24,75.0,24,1009.8,23,8.9,24,9.7,24,2.9,24,14.0,17.1,96.1,*,73.9,*,0.24,G,999.9,0
72236653865,2009-06-26,30.34333,-89.82222,8.2,"SLIDELL AIRPORT, LA US",84.9,24,74.3,24,1010.3,24,9.3,24,10.0,24,2.9,24,14.0,22.9,95.0,*,75.2,*,0.01,G,999.9,0
72236653865,2009-06-27,30.34333,-89.82222,8.2,"SLIDELL AIRPORT, LA US",85.6,24,75.0,24,1011.3,24,10.4,24,10.0,24,3.2,24,12.0,21.0,95.0,*,75.9,*,0.08,A,999.9,10000
72236653865,2009-06-28,30.34333,-89.82222,8.2,"SLIDELL AIRPORT, LA US",86.6,24,75.8,24,1011.0,24,10.1,24,10.0,24,3.4,24,9.9,22.9,97.0,*,78.1,*,0.14,A,999.9,10000
72236653865,2009-06-29,30.34333,-89.82222,8.2,"SLIDELL AIRPORT, LA US",83.7,24,75.9,24,1008.5,22,7.4,24,8.8,21,2.5,23,18.1,25.1,96.1,*,75.2,*,0.57,C,999.9,10000
72236653865,2009-06-30,30.34333,-89.82222,8.2,"SLIDELL AIRPORT, LA US",82.7,23,70.2,20,1007.7,23,6.8,23,9.3,23,3.0,20,8.0,999.9,95.0,*,73.9,*,0.01,B,999.9,10000
72236653865,2009-07-01,30.34333,-89.82222,8.2,"SLIDELL AIRPORT, LA US",83.3,24,67.8,22,1009.2,24,8.3,24,9.4,24,2.0,24,7.0,999.9,96.1,*,73.0,*,0.0,I,999.9,0
72236653865,2009-07-02,30.34333,-89.82222,8.2,"SLIDELL AIRPORT, LA US",87.7,24,72.0,24,1012.6,23,11.7,24,9.2,24,3.7,24,12.0,18.1,97.0,*,77.0,*,0.0,G,999.9,10000
72236653865,2009-07-03,30.34333,-89.82222,8.2,"SLIDELL AIRPORT, LA US",82.0,24,70.3,24,1016.4,23,15.4,24,9.1,24,2.9,24,15.9,27.0,99.0,*,73.0,*,0.71,G,999.9,10000
72236653865,2009-07-04,30.34333,-89.82222,8.2,"SLIDELL AIRPORT, LA US",86.9,24,76.0,24,1016.0,24,15.1,24,8.9,24,3.3,24,9.9,15.9,93.9,*,78.1,*,0.0,G,999.9,0
72236653865,2009-07-05,30.34333,-89.82222,8.2,"SLIDELL AIRPORT, LA US",87.8,24,75.1,24,1013.4,24,12.5,24,9.8,24,5.0,24,8.0,15.0,93.9,*,82.9,*,0.0,G,999.9,0
72236653865,2009-07-06,30.34333,-89.82222,8.2,"SLIDELL AIRPORT, LA US",82.2,24,75.6,24,1011.9,21,11.3,24,8.9,24,4.1,24,11.1,17.1,90.0,*,73.4,*,0.0,G,999.9,110000
72236653865,2009-07-07,30.34333,-89.82222,8.2,"SLIDELL AIRPORT, LA US",79.7,24,74.2,24,1010.7,19,10.0,24,8.0,24,3.4,24,9.9,18.1,88.0,*,73.4,*,2.01,G,999.9,110000
72236653865,2009-07-08,30.34333,-89.82222,8.2,"SLIDELL AIRPORT, LA US",79.8,24,73.0,24,1011.1,22,10.3,24,9.3,24,2.5,24,8.9,14.0,87.1,*,73.9,*,1.59,G,999.9,10000
72236653865,2009-07-09,30.34333,-89.82222,8.2,"SLIDELL AIRPORT, LA US",82.2,24,72.4,24,1014.1,24,13.2,24,9.3,24,2.3,24,9.9,999.9,93.9,*,73.0,*,0.39,G,999.9,0
72236653865,2009-07-10,30.34333,-89.82222,8.2,"SLIDELL AIRPORT, LA US",82.2,24,72.4,24,1018.2,24,17.3,24,9.9,24,2.7,24,11.1,15.0,91.0,*,73.0,*,0.01,G,999.9,0
72236653865,2009-07-11,30.34333,-89.82222,8.2,"SLIDELL AIRPORT, LA US",82.6,24,73.3,24,1020.6,24,19.7,24,9.5,24,2.7,24,8.9,999.9,91.0,*,73.9,*,0.0,G,999.9,0
72236653865,2009-07-12,30.34333,-89.82222,8.2,"SLIDELL AIRPORT, LA US",81.7,24,72.7,24,1020.0,24,19.1,24,8.3,24,2.2,24,9.9,15.9,91.9,*,73.9,*,0.0,G,999.9,10000
72236653865,2009-07-13,30.34333,-89.82222,8.2,"SLIDELL AIRPORT, LA US",81.9,24,74.5,24,1016.6,24,15.7,24,8.4,24,2.0,24,8.0,14.0,93.0,*,73.9,*,0.05,G,999.9,10000
72236653865,2009-07-14,30.34333,-89.82222,8.2,"SLIDELL AIRPORT, LA US",81.8,24,74.9,24,1015.8,24,14.9,24,9.7,24,2.5,24,9.9,15.0,89.1,*,75.9,*,0.14,G,999.9,0
72236653865,2009-07-15,30.34333,-89.82222,8.2,"SLIDELL AIRPORT, LA US",83.1,24,74.8,24,1017.5,24,16.6,24,9.8,24,2.3,24,8.9,999.9,93.0,*,75.9,*,0.0,G,999.9,0
72236653865,2009-07-16,30.34333,-89.82222,8.2,"SLIDELL AIRPORT, LA US",81.9,24,74.4,24,1017.5,22,16.5,24,9.6,24,2.3,24,11.1,15.9,91.0,*,75.9,*,0.0,G,999.9,10010
72236653865,2009-07-17,30.34333,-89.82222,8.2,"SLIDELL AIRPORT, LA US",80.4,24,73.5,24,1016.0,22,15.1,24,10.0,24,2.9,24,12.0,15.9,89.1,*,73.4,*,0.0,G,999.9,10000
72236653865,2009-07-18,30.34333,-89.82222,8.2,"SLIDELL AIRPORT, LA US",82.0,24,71.1,24,1017.2,22,16.3,24,10.0,24,3.0,24,8.0,14.0,90.0,*,75.2,*,0.02,G,999.9,0
72236653865,2009-07-19,30.34333,-89.82222,8.2,"SLIDELL AIRPORT, LA US",79.2,24,65.0,24,1019.0,22,18.1,24,9.6,24,4.7,24,22.9,39.0,89.1,*,69.8,*,2.2,G,999.9,10010
72236653865,2009-07-20,30.34333,-89.82222,8.2,"SLIDELL AIRPORT, LA US",77.3,24,66.6,24,1017.5,23,16.6,24,10.0,24,2.6,24,8.0,999.9,87.1,*,66.9,*,0.0,G,999.9,10000
72236653865,2009-07-21,30.34333,-89.82222,8.2,"SLIDELL AIRPORT, LA US",80.6,24,68.4,24,1015.7,24,14.8,24,9.8,24,5.3,24,14.0,18.1,89.1,*,71.1,*,0.01,G,999.9,0
72236653865,2009-07-22,30.34333,-89.82222,8.2,"SLIDELL AIRPORT, LA US",81.5,24,70.8,24,1014.6,23,13.7,24,10.0,24,4.0,24,9.9,999.9,86.0,*,73.9,*,0.0,G,999.9,0
72236653865,2009-07-23,30.34333,-89.82222,8.2,"SLIDELL AIRPORT, LA US",81.9,24,72.1,24,1014.7,24,13.8,24,9.9,24,2.1,24,8.0,999.9,91.9,*,75.0,*,0.0,G,999.9,0
72236653865,2009-07-24,30.34333,-89.82222,8.2,"SLIDELL AIRPORT, LA US",81.7,24,69.3,24,1015.1,24,14.1,24,10.0,24,1.9,24,6.0,999.9,90.0,*,72.0,*,0.0,G,999.9,0
72236653865,2009-07-25,30.34333,-89.82222,8.2,"SLIDELL AIRPORT, LA US",81.6,24,69.5,24,1015.4,24,14.5,24,9.4,24,2.8,24,12.0,17.1,91.9,*,71.1,*,0.0,G,999.9,0
72236653865,2009-07-26,30.34333,-89.82222,8.2,"SLIDELL AIRPORT, LA US",82.8,24,72.1,24,1016.5,24,15.6,24,9.8,24,3.5,24,8.0,22.9,91.9,*,75.0,*,0.0,G,999.9,0
72236653865,2009-07-27,30.34333,-89.82222,8.2,"SLIDELL AIRPORT, LA US",77.8,24,72.4,24,1016.9,22,16.1,24,9.9,24,1.6,24,8.9,17.1,88.0,*,72.0,*,0.0,G,999.9,10010
72236653865,2009-07-28,30.34333,-89.82222,8.2,"SLIDELL AIRPORT, LA US",79.7,24,73.8,24,1015.2,23,14.3,24,9.7,24,2.2,24,14.0,29.9,89.6,*,73.9,*,0.07,G,999.9,10010
72236653865,2009-07-29,30.34333,-89.82222,8.2,"SLIDELL AIRPORT, LA US",81.7,24,74.9,24,1014.1,21,13.2,24,9.1,24,3.4,24,12.0,17.1,91.9,*,73.4,*,0.79,G,999.9,10010
72236653865,2009-07-30,30.34333,-89.82222,8.2,"SLIDELL AIRPORT, LA US",84.0,24,76.1,24,1014.9,22,14.1,24,10.0,24,3.9,24,9.9,21.0,89.1,*,78.1,*,0.0,G,999.9,10010
72236653865,2009-07-31,30.34333,-89.82222,8.2,"SLIDELL AIRPORT, LA US",84.8,24,76.2,24,1016.8,20,15.9,24,10.0,24,4.1,24,8.0,20.0,90.0,*,80.6,*,0.04,G,999.9,0
72236653865,2009-08-01,30.34333,-89.82222,8.2,"SLIDELL AIRPORT, LA US",83.7,24,75.3,24,1017.7,23,16.8,24,10.0,24,2.0,24,9.9,15.9,91.0,*,77.0,*,0.0,G,999.9,0
72236653865,2009-08-02,30.34333,-89.82222,8.2,"SLIDELL AIRPORT, LA US",80.7,24,74.7,24,1016.9,21,16.2,24,9.5,24,2.8,24,18.1,28.0,87.1,*,75.0,*,0.0,G,999.9,10010
72236653865,2009-08-03,30.34333,-89.82222,8.2,"SLIDELL AIRPORT, LA US",81.8,24,74.3,24,1017.0,23,16.2,24,9.4,24,1.8,24,11.1,17.1,91.9,*,73.9,*,0.21,G,999.9,10000
72236653865,2009-08-04,30.34333,-89.82222,8.2,"SLIDELL AIRPORT, LA US",84.0,24,72.4,24,1017.2,24,16.3,24,10.0,24,2.4,24,8.0,999.9,93.9,*,73.9,*,0.11,G,999.9,0
72236653865,2009-08-05,30.34333,-89.82222,8.2,"SLIDELL AIRPORT, LA US",85.3,24,73.4,24,1016.6,24,15.7,24,10.0,24,1.9,24,8.0,999.9,93.9,*,75.9,*,0.0,G,999.9,0
72236653865,2009-08-06,30.34333,-89.82222,8.2,"SLIDELL AIRPORT, LA US",83.6,24,73.4,24,1015.7,23,14.8,24,10.0,24,2.5,24,11.1,20.0,95.0,*,75.9,*,0.0,G,999.9,10010
72236653865,2009-08-07,30.34333,-89.82222,8.2,"SLIDELL AIRPORT, LA US",81.0,24,72.1,24,1016.8,24,15.8,24,10.0,24,2.4,24,8.0,14.0,93.9,*,71.1,*,0.03,G,999.9,10000
72236653865,2009-08-08,30.34333,-89.82222,8.2,"SLIDELL AIRPORT, LA US",79.5,24,73.6,24,1018.5,22,17.8,24,8.9,24,3.1,24,13.0,22.0,88.0,*,73.4,*,0.01,G,999.9,110010
72236653865,2009-08-09,30.34333,-89.82222,8.2,"SLIDELL AIRPORT, LA US",81.2,24,74.7,24,1019.8,24,18.9,24,10.0,24,1.9,24,8.9,999.9,90.0,*,73.4,*,1.64,G,999.9,0
72236653865,2009-08-10,30.34333,-89.82222,8.2,"SLIDELL AIRPORT, LA US",82.0,24,75.4,24,1020.1,21,19.1,24,10.0,24,1.3,24,7.0,999.9,91.0,*,75.0,*,0.01,G,999.9,10000
72236653865,2009-08-11,30.34333,-89.82222,8.2,"SLIDELL AIRPORT, LA US",81.3,24,75.2,24,1018.1,22,17.1,24,10.0,24,1.5,24,12.0,19.0,91.9,*,75.9,*,0.3,G,999.9,10010
72236653865,2009-08-12,30.34333,-89.82222,8.2,"SLIDELL AIRPORT, LA US",79.0,24,74.1,24,1015.8,21,15.0,24,9.1,24,2.2,24,13.0,21.0,84.9,*,73.9,*,0.03,G,999.9,10010
72236653865,2009-08-13,30.34333,-89.82222,8.2,"SLIDELL AIRPORT, LA US",81.8,24,73.1,24,1015.3,23,14.4,24,9.5,24,3.1,24,11.1,999.9,93.0,*,73.9,*,0.26,G,999.9,0
72236653865,2009-08-14,30.34333,-89.82222,8.2,"SLIDELL AIRPORT, LA US",82.5,24,74.2,24,1016.0,24,15.1,24,7.8,24,3.0,24,9.9,999.9,91.0,*,73.9,*,0.01,G,999.9,0
72236653865,2009-08-15,30.34333,-89.82222,8.2,"SLIDELL AIRPORT, LA US",81.3,24,74.2,24,1015.7,23,14.8,24,8.9,24,3.1,24,9.9,17.1,89.1,*,75.0,*,0.0,G,999.9,110000
72236653865,2009-08-16,30.34333,-89.82222,8.2,"SLIDELL AIRPORT, LA US",80.2,24,74.6,24,1015.8,23,14.9,24,9.8,24,3.0,24,8.0,999.9,88.0,*,75.2,*,0.44,G,999.9,10000
72236653865,2009-08-17,30.34333,-89.82222,8.2,"SLIDELL AIRPORT, LA US",79.3,24,74.7,24,1016.4,21,15.6,24,9.2,24,1.1,24,13.0,24.1,89.1,*,73.9,*,0.01,G,999.9,110010
72236653865,2009-08-18,30.34333,-89.82222,8.2,"SLIDELL AIRPORT, LA US",79.0,24,74.9,24,1017.5,20,16.7,24,9.6,24,1.7,24,8.0,999.9,86.0,*,75.0,*,0.98,G,999.9,10010
72236653865,2009-08-19,30.34333,-89.82222,8.2,"SLIDELL AIRPORT, LA US",80.5,24,75.1,24,1015.6,23,14.8,24,9.1,24,3.0,24,19.0,24.1,87.1,*,73.9,*,0.13,G,999.9,110010
72236653865,2009-08-20,30.34333,-89.82222,8.2,"SLIDELL AIRPORT, LA US",81.5,24,76.4,24,1014.5,21,13.7,24,9.0,24,2.2,24,9.9,19.0,86.0,*,77.0,*,1.37,G,999.9,110010
72236653865,2009-08-21,30.34333,-89.82222,8.2,"SLIDELL AIRPORT, LA US",80.0,24,75.9,24,1015.3,18,14.3,24,9.3,24,2.3,24,17.1,28.0,90.0,*,75.0,*,0.66,G,999.9,110010
72236653865,2009-08-22,30.34333,-89.82222,8.2,"SLIDELL AIRPORT, LA US",80.4,24,70.2,24,1015.0,21,14.1,24,9.2,24,3.9,24,12.0,999.9,89.1,*,75.0,*,1.22,G,999.9,10010
72236653865,2009-08-23,30.34333,-89.82222,8.2,"SLIDELL AIRPORT, LA US",75.6,24,62.2,24,1015.6,24,14.6,24,10.0,24,3.1,24,8.0,999.9,84.9,*,66.9,*,0.0,G,999.9,0
72236653865,2009-08-24,30.34333,-89.82222,8.2,"SLIDELL AIRPORT, LA US",73.6,24,61.9,24,1016.9,24,16.0,24,10.0,24,3.0,24,8.0,15.0,84.9,*,62.1,*,0.0,G,999.9,0
72236653865,2009-08-25,30.34333,-89.82222,8.2,"SLIDELL AIRPORT, LA US",74.8,24,63.6,24,1017.0,24,16.0,24,9.8,24,1.2,24,4.1,999.9,87.1,*,64.0,*,0.0,G,999.9,0
72236653865,2009-08-26,30.34333,-89.82222,8.2,"SLIDELL AIRPORT, LA US",75.3,24,65.0,24,1016.7,24,15.8,24,9.2,24,1.7,24,8.9,999.9,87.1,*,64.0,*,0.01,G,999.9,0
72236653865,2009-08-27,30.34333,-89.82222,8.2,"SLIDELL AIRPORT, LA US",76.2,24,67.9,24,1015.5,24,14.6,24,7.3,24,3.2,24,8.9,14.0,88.0,*,68.0,*,0.0,I,999.9,0
72236653865,2009-08-28,30.34333,-89.82222,8.2,"SLIDELL AIRPORT, LA US",77.7,24,68.3,24,1013.4,24,12.6,24,10.0,24,1.6,24,7.0,999.9,91.0,*,66.9,*,0.0,G,999.9,0
72236653865,2009-08-29,30.34333,-89.82222,8.2,"SLIDELL AIRPORT, LA US",80.3,24,70.9,24,1012.4,24,11.5,24,7.9,24,1.8,24,7.0,999.9,88.0,*,71.1,*,0.0,G,999.9,0
72236653865,2009-08-30,30.34333,-89.82222,8.2,"SLIDELL AIRPORT, LA US",82.1,24,73.7,24,1012.9,23,12.0,24,9.1,24,2.8,24,8.0,999.9,90.0,*,75.9,*,0.01,G,999.9,10010
72236653865,2009-08-31,30.34333,-89.82222,8.2,"SLIDELL AIRPORT, LA US",78.8,24,70.4,24,1016.0,24,15.1,24,10.0,24,3.6,24,8.9,999.9,87.1,*,71.1,*,0.0,I,999.9,0
72236653865,2009-09-01,30.34333,-89.82222,8.2,"SLIDELL AIRPORT, LA US",78.2,24,65.8,24,1017.6,23,16.6,24,9.5,24,3.3,24,6.0,999.9,88.0,*,70.0,*,0.1,G,999.9,10000
72236653865,2009-09-02,30.34333,-89.82222,8.2,"SLIDELL AIRPORT, LA US",76.9,24,62.1,24,1016.5,24,15.7,24,10.0,24,3.9,24,8.0,999.9,89.1,*,66.0,*,0.0,G,999.9,0
72236653865,2009-09-03,30.34333,-89.82222,8.2,"SLIDELL AIRPORT, LA US",77.1,24,68.0,24,1015.0,23,14.1,24,9.8,24,3.8,24,8.9,999.9,87.1,*,69.1,*,0.0,G,999.9,0
72236653865,2009-09-04,30.34333,-89.82222,8.2,"SLIDELL AIRPORT, LA US",78.7,24,70.5,24,1014.4,23,13.5,24,9.4,24,3.2,24,8.0,15.0,87.1,*,72.0,*,0.0,G,999.9,0
72236653865,2009-09-05,30.34333,-89.82222,8.2,"SLIDELL AIRPORT, LA US",78.7,24,72.7,24,1015.3,20,14.4,24,9.9,24,3.3,24,8.0,999.9,87.8,*,73.4,*,0.18,G,999.9,10000
72236653865,2009-09-06,30.34333,-89.82222,8.2,"SLIDELL AIRPORT, LA US",78.4,24,73.1,24,1016.8,18,15.9,24,9.4,24,3.3,24,12.0,20.0,87.8,*,73.0,*,0.13,G,999.9,10010
72236653865,2009-09-07,30.34333,-89.82222,8.2,"SLIDELL AIRPORT, LA US",77.3,24,73.2,24,1016.0,14,15.0,24,6.9,24,2.1,24,8.0,999.9,87.1,*,73.0,*,0.38,G,999.9,110000
72236653865,2009-09-08,30.34333,-89.82222,8.2,"SLIDELL AIRPORT, LA US",78.0,24,72.3,24,1014.3,23,13.5,24,9.6,24,3.0,24,8.0,15.9,87.1,*,71.1,*,0.06,G,999.9,10000
72236653865,2009-09-09,30.34333,-89.82222,8.2,"SLIDELL AIRPORT, LA US",78.3,24,72.3,24,1014.8,24,13.9,24,9.8,24,3.0,24,8.0,999.9,86.0,*,72.0,*,0.35,G,999.9,10000
72236653865,2009-09-10,30.34333,-89.82222,8.2,"SLIDELL AIRPORT, LA US",78.6,24,72.7,24,1015.4,22,14.5,24,8.8,24,3.2,24,12.0,14.0,86.0,*,73.0,*,0.01,G,999.9,0
72236653865,2009-09-11,30.34333,-89.82222,8.2,"SLIDELL AIRPORT, LA US",76.6,24,72.5,24,1015.5,20,14.4,24,9.3,24,3.7,24,17.1,22.0,82.9,*,73.4,*,0.95,B,999.9,110000
72236653865,2009-09-12,30.34333,-89.82222,8.2,"SLIDELL AIRPORT, LA US",75.4,24,72.1,24,1011.0,14,9.9,24,8.0,24,5.7,24,12.0,18.1,80.6,*,71.6,*,2.31,G,999.9,10000
72236653865,2009-09-13,30.34333,-89.82222,8.2,"SLIDELL AIRPORT, LA US",76.8,24,74.3,24,1010.0,15,9.0,24,6.3,24,4.2,24,12.0,17.1,84.9,*,73.9,*,1.24,G,999.9,110010
72236653865,2009-09-14,30.34333,-89.82222,8.2,"SLIDELL AIRPORT, LA US",80.1,24,74.3,24,1009.9,14,9.4,24,9.4,24,4.2,24,17.1,21.0,89.1,*,75.0,*,0.99,G,999.9,10010
72236653865,2009-09-15,30.34333,-89.82222,8.2,"SLIDELL AIRPORT, LA US",82.5,24,74.2,24,1009.7,23,8.8,24,9.8,24,5.9,24,12.0,22.9,88.0,*,77.0,*,0.12,G,999.9,10000
72236653865,2009-09-16,30.34333,-89.82222,8.2,"SLIDELL AIRPORT, LA US",81.8,24,73.0,24,1009.8,23,8.8,24,10.0,24,5.6,24,9.9,999.9,87.1,*,75.9,*,0.01,G,999.9,0
72236653865,2009-09-17,30.34333,-89.82222,8.2,"SLIDELL AIRPORT, LA US",80.9,24,73.4,24,1010.6,21,9.6,24,8.9,24,3.0,24,8.0,999.9,88.0,*,73.4,*,0.0,G,999.9,10000
72236653865,2009-09-18,30.34333,-89.82222,8.2,"SLIDELL AIRPORT, LA US",80.8,24,73.1,24,1012.0,24,11.1,24,9.3,24,3.6,24,12.0,15.0,87.1,*,73.9,*,0.0,G,999.9,10000
72236653865,2009-09-19,30.34333,-89.82222,8.2,"SLIDELL AIRPORT, LA US",80.4,24,72.6,24,1013.9,23,13.0,24,9.7,24,1.9,24,7.0,999.9,88.0,*,73.9,*,0.0,G,999.9,0
72236653865,2009-09-20,30.34333,-89.82222,8.2,"SLIDELL AIRPORT, LA US",81.4,24,73.1,24,1015.2,24,14.3,24,9.5,24,2.5,24,8.0,999.9,89.1,*,73.0,*,0.0,G,999.9,0
72236653865,2009-09-21,30.34333,-89.82222,8.2,"SLIDELL AIRPORT, LA US",81.5,24,73.9,24,1015.2,23,14.3,24,9.6,24,2.8,24,8.9,999.9,91.0,*,73.0,*,0.0,G,999.9,0
72236653865,2009-09-22,30.34333,-89.82222,8.2,"SLIDELL AIRPORT, LA US",80.7,24,75.7,24,1015.2,18,14.2,24,9.0,24,3.4,24,15.0,20.0,89.1,*,75.2,*,0.0,G,999.9,10010
72236653865,2009-09-23,30.34333,-89.82222,8.2,"SLIDELL AIRPORT, LA US",78.8,24,74.8,24,1016.2,12,15.4,24,10.0,23,2.9,23,11.1,999.9,89.6,*,73.0,*,0.0,G,999.9,10000
72236653865,2009-09-24,30.34333,-89.82222,8.2,"SLIDELL AIRPORT, LA US",80.7,24,73.5,24,1016.1,19,15.4,24,8.1,24,3.9,24,7.0,999.9,91.0,*,73.0,*,0.79,G,999.9,0
72236653865,2009-09-25,30.34333,-89.82222,8.2,"SLIDELL AIRPORT, LA US",78.5,24,73.9,24,1016.3,21,15.5,24,8.6,24,1.9,24,18.1,19.0,86.0,*,73.0,*,0.01,G,999.9,110010
72236653865,2009-09-26,30.34333,-89.82222,8.2,"SLIDELL AIRPORT, LA US",79.2,24,74.9,24,1015.6,20,14.6,24,9.0,24,1.6,24,7.0,999.9,84.9,*,75.0,*,0.54,G,999.9,10000
72236653865,2009-09-27,30.34333,-89.82222,8.2,"SLIDELL AIRPORT, LA US",79.4,24,70.8,24,1012.9,22,12.0,24,10.0,24,1.4,24,7.0,999.9,89.1,*,69.8,*,0.04,G,999.9,0
72236653865,2009-09-28,30.34333,-89.82222,8.2,"SLIDELL AIRPORT, LA US",81.4,24,72.7,24,1013.0,23,12.1,24,9.3,24,2.7,24,8.9,15.0,91.9,*,73.4,*,0.0,G,999.9,0
72236653865,2009-09-29,30.34333,-89.82222,8.2,"SLIDELL AIRPORT, LA US",74.5,24,58.3,24,1016.7,24,15.8,24,10.0,24,4.8,24,9.9,999.9,82.9,*,66.0,*,0.0,G,999.9,0
72236653865,2009-09-30,30.34333,-89.82222,8.2,"SLIDELL AIRPORT, LA US",68.0,24,54.2,24,1017.4,24,16.5,24,10.0,24,1.4,24,6.0,999.9,81.0,*,55.0,*,0.0,G,999.9,0
72236653865,2009-10-01,30.34333,-89.82222,8.2,"SLIDELL AIRPORT, LA US",67.9,24,56.3,24,1015.5,24,14.6,24,10.0,24,1.8,24,6.0,999.9,82.9,*,55.0,*,0.01,G,999.9,0
72236653865,2009-10-02,30.34333,-89.82222,8.2,"SLIDELL AIRPORT, LA US",74.4,24,65.9,24,1011.9,21,11.1,24,9.5,24,3.3,24,15.9,24.1,82.9,*,68.0,*,0.81,G,999.9,10010
72236653865,2009-10-03,30.34333,-89.82222,8.2,"SLIDELL AIRPORT, LA US",75.4,24,66.9,24,1012.8,22,11.9,24,10.0,24,3.6,24,8.0,999.9,84.0,*,69.1,*,0.04,G,999.9,0
72236653865,2009-10-04,30.34333,-89.82222,8.2,"SLIDELL AIRPORT, LA US",75.7,24,70.7,24,1012.4,18,11.2,24,9.3,24,4.3,24,13.0,22.0,82.0,*,72.0,*,0.0,G,999.9,10000
72236653865,2009-10-05,30.34333,-89.82222,8.2,"SLIDELL AIRPORT, LA US",79.0,24,75.1,24,1011.6,18,10.5,24,8.9,24,2.4,24,8.0,999.9,84.9,*,75.0,*,0.97,G,999.9,10010
72236653865,2009-10-06,30.34333,-89.82222,8.2,"SLIDELL AIRPORT, LA US",80.3,24,74.1,24,1012.7,18,11.8,24,7.4,24,3.0,24,8.9,15.0,91.0,*,71.6,*,0.16,G,999.9,100000
72236653865,2009-10-07,30.34333,-89.82222,8.2,"SLIDELL AIRPORT, LA US",84.4,24,77.3,24,1015.2,19,14.6,24,9.3,24,3.6,24,7.0,999.9,91.0,*,80.1,*,0.0,G,999.9,0
72236653865,2009-10-08,30.34333,-89.82222,8.2,"SLIDELL AIRPORT, LA US",82.7,24,76.1,24,1016.6,19,15.9,24,8.8,24,4.9,24,15.9,22.0,91.0,*,75.0,*,0.01,G,999.9,110000
72236653865,2009-10-09,30.34333,-89.82222,8.2,"SLIDELL AIRPORT, LA US",83.8,24,75.9,24,1013.5,20,12.6,24,9.3,24,8.4,24,15.9,24.1,91.0,*,71.1,*,0.0,G,999.9,10010
72236653865,2009-10-10,30.34333,-89.82222,8.2,"SLIDELL AIRPORT, LA US",71.2,24,67.4,24,1016.5,22,15.6,24,10.0,24,3.0,24,8.9,999.9,75.9,*,69.1,*,0.55,G,999.9,10000
72236653865,2009-10-11,30.34333,-89.82222,8.2,"SLIDELL AIRPORT, LA US",70.9,24,66.9,24,1018.6,21,17.7,24,10.0,24,4.4,24,7.0,999.9,75.9,*,68.0,*,0.03,G,999.9,10000
72236653865,2009-10-12,30.34333,-89.82222,8.2,"SLIDELL AIRPORT, LA US",75.6,24,71.3,24,1016.8,16,15.9,24,7.8,24,3.3,24,8.9,15.9,88.0,*,70.0,*,0.06,G,999.9,10010
72236653865,2009-10-13,30.34333,-89.82222,8.2,"SLIDELL AIRPORT, LA US",74.8,24,72.3,24,1017.9,15,16.6,24,5.9,24,3.0,24,8.0,999.9,84.2,*,71.1,*,0.0,G,999.9,110000
72236653865,2009-10-14,30.34333,-89.82222,8.2,"SLIDELL AIRPORT, LA US",77.8,24,73.9,24,1014.1,18,13.5,24,9.0,24,1.5,24,12.0,15.9,86.0,*,73.4,*,0.56,G,999.9,10000
72236653865,2009-10-15,30.34333,-89.82222,8.2,"SLIDELL AIRPORT, LA US",79.2,24,73.1,24,1009.7,20,8.9,24,9.2,24,2.6,24,8.9,14.0,89.1,*,73.0,*,0.39,G,999.9,0
72236653865,2009-10-16,30.34333,-89.82222,8.2,"SLIDELL AIRPORT, LA US",69.5,24,62.9,24,1012.2,17,10.9,24,8.7,24,7.8,24,15.0,25.1,82.9,*,60.8,*,0.0,G,999.9,10010
72236653865,2009-10-17,30.34333,-89.82222,8.2,"SLIDELL AIRPORT, LA US",56.4,24,45.7,24,1022.6,24,21.7,24,10.0,24,6.8,24,14.0,20.0,64.9,*,48.9,*,0.01,G,999.9,0
72236653865,2009-10-18,30.34333,-89.82222,8.2,"SLIDELL AIRPORT, LA US",52.2,24,40.3,24,1027.5,24,26.7,24,10.0,24,4.9,24,11.1,17.1,63.0,*,43.0,*,0.0,I,999.9,0
72236653865,2009-10-19,30.34333,-89.82222,8.2,"SLIDELL AIRPORT, LA US",52.7,24,41.1,24,1025.4,24,24.5,24,10.0,24,1.4,24,6.0,999.9,68.0,*,41.0,*,0.0,G,999.9,0
72236653865,2009-10-20,30.34333,-89.82222,8.2,"SLIDELL AIRPORT, LA US",57.1,24,48.5,24,1022.4,24,21.5,24,10.0,24,1.9,24,6.0,999.9,75.0,*,44.1,*,0.0,G,999.9,0
72236653865,2009-10-21,30.34333,-89.82222,8.2,"SLIDELL AIRPORT, LA US",66.7,24,59.5,24,1018.8,23,18.0,24,10.0,24,5.1,24,12.0,20.0,79.0,*,57.9,*,0.0,G,999.9,0
72236653865,2009-10-22,30.34333,-89.82222,8.2,"SLIDELL AIRPORT, LA US",76.4,24,68.3,24,1012.2,22,10.9,24,9.8,24,10.5,24,20.0,26.0,81.0,*,73.0,*,0.0,G,999.9,10000
72236653865,2009-10-23,30.34333,-89.82222,8.2,"SLIDELL AIRPORT, LA US",69.5,24,62.1,24,1009.3,16,7.9,24,9.8,24,8.0,24,17.1,27.0,75.9,*,60.1,*,0.0,G,999.9,10000
72236653865,2009-10-24,30.34333,-89.82222,8.2,"SLIDELL AIRPORT, LA US",56.4,24,48.1,24,1015.1,24,14.2,24,10.0,24,2.9,24,8.0,15.0,66.0,*,48.9,*,0.0,G,999.9,0
72236653865,2009-10-25,30.34333,-89.82222,8.2,"SLIDELL AIRPORT, LA US",55.2,24,46.7,24,1017.0,24,16.1,24,10.0,24,2.3,24,7.0,999.9,68.0,*,43.0,*,0.0,G,999.9,0
72236653865,2009-10-26,30.34333,-89.82222,8.2,"SLIDELL AIRPORT, LA US",59.2,24,52.7,24,1016.4,24,15.5,24,10.0,24,2.3,24,8.0,999.9,68.0,*,53.1,*,0.0,G,999.9,0
72236653865,2009-10-27,30.34333,-89.82222,8.2,"SLIDELL AIRPORT, LA US",65.9,24,61.9,24,1011.1,17,9.7,24,9.0,24,5.0,24,13.0,15.0,73.4,*,62.1,*,0.05,G,999.9,10000
72236653865,2009-10-28,30.34333,-89.82222,8.2,"SLIDELL AIRPORT, LA US",60.9,24,55.7,24,1013.1,19,12.2,24,9.0,24,1.8,24,6.0,999.9,71.1,*,51.8,*,0.13,G,999.9,0
72236653865,2009-10-29,30.34333,-89.82222,8.2,"SLIDELL AIRPORT, LA US",75.2,24,69.9,24,1013.0,11,12.1,24,9.8,24,9.0,24,19.0,28.0,82.9,*,66.2,*,0.0,G,999.9,0
72236653865,2009-10-30,30.34333,-89.82222,8.2,"SLIDELL AIRPORT, LA US",78.4,24,74.1,24,1010.6,22,9.7,24,9.0,24,12.0,24,19.0,28.9,84.0,*,62.1,*,0.0,G,999.9,10000
72236653865,2009-10-31,30.34333,-89.82222,8.2,"SLIDELL AIRPORT, LA US",59.1,24,51.8,24,1017.0,17,15.5,24,9.3,24,5.6,24,9.9,17.1,68.0,*,53.1,*,0.56,G,999.9,10000
72236653865,2009-11-01,30.34333,-89.82222,8.2,"SLIDELL AIRPORT, LA US",50.3,6,46.2,6,1019.9,6,19.0,6,10.0,6,0.0,6,999.9,999.9,54.0,*,46.9,*,0.22,G,999.9,0
72236653865,2009-11-03,30.34333,-89.82222,8.2,"SLIDELL AIRPORT, LA US",60.1,18,47.7,18,1022.6,18,21.7,18,10.0,18,3.6,18,8.9,999.9,73.0,*,46.0,*,0.01,G,999.9,0
72236653865,2009-11-04,30.34333,-89.82222,8.2,"SLIDELL AIRPORT, LA US",61.3,23,51.5,23,1024.2,23,23.3,23,10.0,23,2.2,23,7.0,999.9,79.0,*,48.9,*,0.01,G,999.9,0
72236653865,2009-11-05,30.34333,-89.82222,8.2,"SLIDELL AIRPORT, LA US",62.0,24,52.5,24,1026.3,24,25.4,24,10.0,24,3.0,24,9.9,15.0,78.1,*,50.0,*,0.0,I,999.9,0
72236653865,2009-11-06,30.34333,-89.82222,8.2,"SLIDELL AIRPORT, LA US",56.1,24,43.5,24,1025.0,24,24.1,24,10.0,24,2.4,24,8.0,999.9,72.0,*,41.0,*,0.01,G,999.9,0
72236653865,2009-11-07,30.34333,-89.82222,8.2,"SLIDELL AIRPORT, LA US",57.8,24,50.1,24,1021.9,24,21.0,24,10.0,24,3.2,24,8.9,999.9,77.0,*,44.1,*,0.0,G,999.9,0
72236653865,2009-11-08,30.34333,-89.82222,8.2,"SLIDELL AIRPORT, LA US",65.9,24,59.4,24,1020.2,24,19.3,24,9.9,24,4.2,24,8.9,14.0,73.9,*,59.0,*,0.0,G,999.9,0
72236653865,2009-11-09,30.34333,-89.82222,8.2,"SLIDELL AIRPORT, LA US",68.2,24,60.3,24,1017.2,23,16.2,24,9.9,24,7.6,24,14.0,24.1,73.4,*,64.0,*,0.0,G,999.9,10000
72236653865,2009-11-10,30.34333,-89.82222,8.2,"SLIDELL AIRPORT, LA US",67.9,24,60.4,24,1012.1,19,11.2,24,9.6,24,13.3,24,20.0,29.9,73.0,*,64.0,*,0.34,G,999.9,10000
72236653865,2009-11-11,30.34333,-89.82222,8.2,"SLIDELL AIRPORT, LA US",64.6,24,52.9,24,1015.6,24,14.6,24,10.0,24,7.2,24,13.0,22.9,75.9,*,57.0,*,0.04,G,999.9,0
72236653865,2009-11-12,30.34333,-89.82222,8.2,"SLIDELL AIRPORT, LA US",59.4,24,46.9,24,1016.4,24,15.5,24,9.4,24,3.8,24,8.9,999.9,70.0,*,48.0,*,0.0,G,999.9,0
72236653865,2009-11-13,30.34333,-89.82222,8.2,"SLIDELL AIRPORT, LA US",52.7,24,42.4,24,1014.3,24,13.4,24,10.0,24,1.1,24,7.0,999.9,68.0,*,39.9,*,0.0,G,999.9,0
72236653865,2009-11-14,30.34333,-89.82222,8.2,"SLIDELL AIRPORT, LA US",54.2,24,46.4,24,1014.6,23,13.7,24,9.4,24,0.8,24,6.0,999.9,72.0,*,41.0,*,0.0,G,999.9,100000
72236653865,2009-11-15,30.34333,-89.82222,8.2,"SLIDELL AIRPORT, LA US",57.2,24,50.7,24,1016.3,21,15.5,24,6.7,24,0.4,24,4.1,999.9,73.0,*,46.0,*,0.01,G,999.9,100000
72236653865,2009-11-16,30.34333,-89.82222,8.2,"SLIDELL AIRPORT, LA US",61.7,24,55.6,24,1015.6,18,14.8,24,7.3,24,2.4,24,8.0,999.9,77.0,*,48.2,*,0.01,G,999.9,100000
72236653865,2009-11-17,30.34333,-89.82222,8.2,"SLIDELL AIRPORT, LA US",55.5,24,46.2,24,1017.4,18,15.7,24,9.2,24,5.4,24,9.9,20.0,71.6,*,42.1,*,0.4,G,999.9,10000
72236653865,2009-11-18,30.34333,-89.82222,8.2,"SLIDELL AIRPORT, LA US",48.1,24,39.3,24,1019.5,24,18.6,24,10.0,24,1.6,24,6.0,999.9,60.1,*,37.0,*,0.0,G,999.9,0
72236653865,2009-11-19,30.34333,-89.82222,8.2,"SLIDELL AIRPORT, LA US",50.2,24,42.4,24,1021.3,24,20.4,24,9.9,24,0.9,24,5.1,999.9,66.0,*,39.0,*,0.0,G,999.9,0
72236653865,2009-11-20,30.34333,-89.82222,8.2,"SLIDELL AIRPORT, LA US",53.1,24,44.4,24,1020.1,24,19.2,24,9.9,24,1.7,24,6.0,999.9,68.0,*,42.1,*,0.0,G,999.9,0
72236653865,2009-11-21,30.34333,-89.82222,8.2,"SLIDELL AIRPORT, LA US",57.9,24,51.6,24,1015.4,23,14.3,24,9.9,24,3.8,24,9.9,17.1,62.1,*,55.0,*,0.01,G,999.9,10000
72236653865,2009-11-22,30.34333,-89.82222,8.2,"SLIDELL AIRPORT, LA US",59.9,24,56.4,24,1011.8,17,10.5,24,8.0,24,3.6,24,8.9,15.9,64.4,*,57.0,*,0.25,G,999.9,10000
72236653865,2009-11-23,30.34333,-89.82222,8.2,"SLIDELL AIRPORT, LA US",61.9,24,56.1,24,1018.1,17,16.8,24,7.8,24,1.2,24,6.0,999.9,68.0,*,59.0,*,0.02,G,999.9,0
72236653865,2009-11-24,30.34333,-89.82222,8.2,"SLIDELL AIRPORT, LA US",56.5,24,51.2,24,1019.2,20,18.3,24,8.6,24,1.8,24,7.0,999.9,69.8,*,46.4,*,0.01,G,999.9,0
72236653865,2009-11-25,30.34333,-89.82222,8.2,"SLIDELL AIRPORT, LA US",58.4,24,47.6,24,1019.2,22,18.3,24,9.7,24,4.4,24,12.0,17.1,66.9,*,51.1,*,0.0,I,999.9,0
72236653865,2009-11-26,30.34333,-89.82222,8.2,"SLIDELL AIRPORT, LA US",47.6,24,36.0,24,1020.4,24,19.6,24,10.0,24,3.3,24,12.0,20.0,61.0,*,36.0,*,0.0,G,999.9,0
72236653865,2009-11-27,30.34333,-89.82222,8.2,"SLIDELL AIRPORT, LA US",43.8,24,32.7,24,1023.5,24,22.6,24,10.0,24,0.9,24,6.0,999.9,59.0,*,30.9,*,0.0,G,999.9,0
72236653865,2009-11-28,30.34333,-89.82222,8.2,"SLIDELL AIRPORT, LA US",50.2,24,41.0,24,1020.5,24,19.6,24,10.0,24,1.4,24,8.9,999.9,63.0,*,43.0,*,0.0,G,999.9,0
72236653865,2009-11-29,30.34333,-89.82222,8.2,"SLIDELL AIRPORT, LA US",55.3,24,48.7,24,1017.5,24,16.7,24,9.9,24,2.5,24,8.0,999.9,72.0,*,42.1,*,0.0,G,999.9,0
72236653865,2009-11-30,30.34333,-89.82222,8.2,"SLIDELL AIRPORT, LA US",60.3,24,56.9,24,1014.8,23,14.0,24,9.5,24,3.7,24,15.0,20.0,69.8,*,55.0,*,0.0,G,999.9,110000
72236653865,2009-12-01,30.34333,-89.82222,8.2,"SLIDELL AIRPORT, LA US",47.8,24,43.1,24,1015.7,19,13.9,24,7.4,24,7.4,24,12.0,25.1,54.0,*,44.6,*,0.63,G,999.9,10000
72236653865,2009-12-02,30.34333,-89.82222,8.2,"SLIDELL AIRPORT, LA US",56.3,24,51.7,24,1002.5,16,1.6,24,8.1,24,6.4,24,15.9,22.0,63.0,*,48.2,*,2.28,G,999.9,110010
72236653865,2009-12-03,30.34333,-89.82222,8.2,"SLIDELL AIRPORT, LA US",50.5,24,41.2,24,1016.3,22,14.9,24,10.0,24,5.6,24,8.9,999.9,57.9,*,42.1,*,0.64,G,999.9,10000
72236653865,2009-12-04,30.34333,-89.82222,8.2,"SLIDELL AIRPORT, LA US",45.8,24,38.7,24,1021.3,21,20.4,24,9.3,24,5.1,24,12.0,15.0,51.1,*,42.8,*,0.04,G,999.9,10000
72236653865,2009-12-05,30.34333,-89.82222,8.2,"SLIDELL AIRPORT, LA US",38.9,24,32.1,24,1022.6,19,21.7,24,9.2,24,7.3,24,14.0,20.0,48.0,*,33.8,*,0.29,G,999.9,11000
72236653865,2009-12-06,30.34333,-89.82222,8.2,"SLIDELL AIRPORT, LA US",42.5,24,34.6,24,1022.8,24,21.8,24,10.0,24,3.6,24,9.9,999.9,60.1,*,32.0,*,0.0,G,999.9,0
72236653865,2009-12-07,30.34333,-89.82222,8.2,"SLIDELL AIRPORT, LA US",55.5,24,50.9,24,1019.4,21,18.6,24,8.6,24,5.5,24,8.0,15.9,63.0,*,48.2,*,0.0,G,999.9,10000
72236653865,2009-12-08,30.34333,-89.82222,8.2,"SLIDELL AIRPORT, LA US",64.5,24,62.3,24,1015.4,9,12.2,24,6.5,24,8.1,24,15.9,25.1,72.0,*,57.2,*,3.47,G,999.9,110010
72236653865,2009-12-09,30.34333,-89.82222,8.2,"SLIDELL AIRPORT, LA US",70.3,24,60.1,24,1008.8,17,7.0,24,8.3,24,7.0,24,12.0,19.0,73.4,*,62.1,*,1.85,G,999.9,10000
72236653865,2009-12-10,30.34333,-89.82222,8.2,"SLIDELL AIRPORT, LA US",48.5,24,30.0,24,1019.1,24,18.2,24,10.0,24,8.8,24,13.0,18.1,60.1,*,41.0,*,0.0,G,999.9,0
72236653865,2009-12-11,30.34333,-89.82222,8.2,"SLIDELL AIRPORT, LA US",44.7,24,25.3,24,1026.0,24,25.0,24,10.0,24,6.7,24,9.9,15.9,46.9,*,42.1,*,0.0,G,999.9,0
72236653865,2009-12-12,30.34333,-89.82222,8.2,"SLIDELL AIRPORT, LA US",47.1,24,43.8,24,1023.2,15,21.8,24,7.9,24,6.7,24,9.9,17.1,57.2,*,39.2,*,0.95,G,999.9,10010
72236653865,2009-12-13,30.34333,-89.82222,8.2,"SLIDELL AIRPORT, LA US",59.4,24,58.0,24,1017.5,11,16.8,24,3.7,24,1.7,24,8.9,999.9,70.0,*,46.4,*,2.51,G,999.9,110010
72236653865,2009-12-14,30.34333,-89.82222,8.2,"SLIDELL AIRPORT, LA US",67.6,24,66.5,24,1016.9,15,15.9,24,2.4,24,2.0,24,8.9,999.9,73.9,*,64.4,*,0.01,G,999.9,110000
72236653865,2009-12-15,30.34333,-89.82222,8.2,"SLIDELL AIRPORT, LA US",64.8,24,63.4,24,1018.8,8,17.4,24,6.2,24,5.6,24,15.9,25.1,71.6,*,55.9,*,1.68,G,999.9,10010
72236653865,2009-12-16,30.34333,-89.82222,8.2,"SLIDELL AIRPORT, LA US",53.5,24,41.4,24,1026.0,22,24.9,24,10.0,24,11.0,24,15.9,22.9,63.0,*,46.0,*,1.03,G,999.9,10000
72236653865,2009-12-17,30.34333,-89.82222,8.2,"SLIDELL AIRPORT, LA US",48.6,24,37.3,24,1021.7,24,20.8,24,9.7,24,6.4,24,9.9,17.1,53.1,*,45.0,*,0.0,G,999.9,10000
72236653865,2009-12-18,30.34333,-89.82222,8.2,"SLIDELL AIRPORT, LA US",50.7,24,46.1,24,1008.5,11,8.7,24,7.3,24,10.6,24,17.1,24.1,59.0,*,46.4,*,2.33,G,999.9,10000
72236653865,2009-12-19,30.34333,-89.82222,8.2,"SLIDELL AIRPORT, LA US",47.9,24,38.4,24,1014.5,24,13.6,24,10.0,24,2.9,24,8.0,15.0,59.0,*,41.0,*,0.04,G,999.9,0
72236653865,2009-12-20,30.34333,-89.82222,8.2,"SLIDELL AIRPORT, LA US",43.3,24,36.1,24,1023.4,24,22.5,24,9.4,24,1.6,24,7.0,999.9,55.0,*,33.1,*,0.0,G,999.9,0
72236653865,2009-12-21,30.34333,-89.82222,8.2,"SLIDELL AIRPORT, LA US",43.8,24,35.6,24,1025.2,23,24.3,24,7.7,24,1.0,24,5.1,999.9,60.1,*,35.1,*,0.0,G,999.9,100000
72236653865,2009-12-22,30.34333,-89.82222,8.2,"SLIDELL AIRPORT, LA US",49.4,24,41.4,24,1021.4,24,20.5,24,9.5,24,3.4,24,12.0,17.1,66.9,*,37.0,*,0.0,G,999.9,0
72236653865,2009-12-23,30.34333,-89.82222,8.2,"SLIDELL AIRPORT, LA US",61.5,24,53.6,24,1016.2,21,14.8,24,9.5,24,6.4,24,13.0,17.1,69.1,*,54.0,*,0.0,G,999.9,10000
72236653865,2009-12-24,30.34333,-89.82222,8.2,"SLIDELL AIRPORT, LA US",64.5,24,61.7,24,1006.8,11,6.0,24,8.6,24,11.1,24,18.1,25.1,68.0,*,55.0,*,0.18,G,999.9,10010
72236653865,2009-12-25,30.34333,-89.82222,8.2,"SLIDELL AIRPORT, LA US",47.0,24,34.8,24,1011.0,20,10.4,24,10.0,24,6.7,24,11.1,21.0,55.9,*,37.9,*,0.6,G,999.9,0
72236653865,2009-12-26,30.34333,-89.82222,8.2,"SLIDELL AIRPORT, LA US",40.8,24,31.7,24,1019.5,24,18.6,24,10.0,24,1.6,24,7.0,999.9,52.0,*,33.1,*,0.0,G,999.9,0
72236653865,2009-12-27,30.34333,-89.82222,8.2,"SLIDELL AIRPORT, LA US",48.0,24,37.8,24,1019.7,22,18.9,24,10.0,24,2.2,24,8.0,999.9,60.1,*,42.1,*,0.0,G,999.9,0
72236653865,2009-12-28,30.34333,-89.82222,8.2,"SLIDELL AIRPORT, LA US",39.9,20,29.6,20,1025.3,20,24.4,20,10.0,20,3.5,20,8.9,15.9,50.0,*,33.1,*,0.0,G,999.9,0
72236653865,2009-12-29,30.34333,-89.82222,8.2,"SLIDELL AIRPORT, LA US",38.8,24,28.7,23,1028.2,24,27.3,24,10.0,23,1.6,24,7.0,999.9,53.1,*,28.0,*,0.0,G,999.9,0
72236653865,2009-12-30,30.34333,-89.82222,8.2,"SLIDELL AIRPORT, LA US",47.8,24,42.8,24,1025.1,18,22.7,24,8.0,24,2.3,24,8.9,999.9,54.0,*,44.1,*,0.0,G,999.9,10000
72236653865,2009-12-31,30.34333,-89.82222,8.2,"SLIDELL AIRPORT, LA US",59.1,24,53.3,24,1017.6,17,16.4,24,7.4,24,3.4,24,8.9,15.9,68.0,*,53.6,*,0.34,G,999.9,110000
